OBJECTID,LAD22CD,LAD22NM,BNG_E,BNG_N,LONG,LAT,SHAPE_Length,SHAPE_Area
1,E06000001,Hartlepool,447160,531474,-1.27018,54.67614,66108.5070443001,98351064.5460798
2,E06000002,Middlesbrough,451141,516887,-1.21099,54.54467,41053.9636225345,54553581.0661136
3,E06000003,Redcar and Cleveland,464361,519597,-1.00608,54.56752,105290.612263408,253785359.487679
4,E06000004,Stockton-on-Tees,444940,518183,-1.30664,54.556911,108081.247882644,209730801.532731
5,E06000005,Darlington,428029,515648,-1.56835,54.535339,107202.299425244,197477753.555023
6,E06000006,Halton,354246,382146,-2.68853,53.33424,60715.737876121,90321511.7565315
7,E06000007,Warrington,362744,388456,-2.5616701,53.391628,84151.9545645274,182383630.370298
8,E06000008,Blackburn with Darwen,369490,422806,-2.4635999,53.700802,65284.373515037,137022093.525703
9,E06000009,Blackpool,332819,436635,-3.0219901,53.82164,36302.2583829651,43150733.0974836
10,E06000010,"Kingston upon Hull, City of",511894,431650,-0.30382001,53.769199,46015.4897786827,81468835.7593866
11,E06000011,East Riding of Yorkshire,488056,443597,-0.66194999,53.881119,376783.992969645,2491782366.54313
12,E06000012,North East Lincolnshire,523465,404564,-0.13911,53.52327,90686.3131572922,202662627.839239
13,E06000013,North Lincolnshire,497800,410993,-0.52407002,53.58643,183996.302751743,878893399.602416
14,E06000014,York,460864,452589,-1.07375,53.96582,99462.6409193562,272009286.325572
15,E06000015,Derby,435609,335375,-1.47189,52.914639,50036.3185804889,78031107.3558926
16,E06000016,Leicester,458946,304594,-1.1303999,52.635921,51929.4942082033,73342034.1652942
17,E06000017,Rutland,492992,308655,-0.62629998,52.667648,125879.320087915,393748938.333902
18,E06000018,Nottingham,456082,339969,-1.16667,52.954189,58723.7427401093,74613549.3097304
19,E06000019,"Herefordshire, County of",349434,242834,-2.73931,52.081539,349869.988254533,2179708317.85771
20,E06000020,Telford and Wrekin,367035,313057,-2.4894099,52.714169,118775.749483715,290313536.554375
21,E06000021,Stoke-on-Trent,389438,346652,-2.15888,53.017071,63971.3417170553,93448551.6494072
22,E06000022,Bath and North East Somerset,366217,161999,-2.4865401,51.356041,141674.070852301,351123167.511109
23,E06000023,"Bristol, City of",359990,174846,-2.57742,51.471149,145449.691824655,235441930.467042
24,E06000024,North Somerset,347614,166718,-2.75438,51.39706,140519.827909511,390467165.644691
25,E06000025,South Gloucestershire,367559,183198,-2.4692199,51.54673,159811.066254149,536758456.067128
26,E06000026,Plymouth,249945,58255,-4.1129699,50.404942,63584.4674179895,84369818.632876
27,E06000027,Torbay,289730,64613,-3.5552299,50.470921,52377.8438897382,119452393.622127
28,E06000030,Swindon,418551,186564,-1.73367,51.577629,103011.758683882,230093343.900236
29,E06000031,Peterborough,517372,300777,-0.26874,52.59214,112631.518789502,343437867.095989
30,E06000032,Luton,508606,222559,-0.42319,51.891022,34569.1847138739,43352485.6741184
31,E06000033,Southend-on-Sea,587777,186837,0.70692301,51.549171,72409.3721202962,67964151.3295319
32,E06000034,Thurrock,562123,181590,0.33486101,51.509979,77780.6305595655,184431446.74415
33,E06000035,Medway,578207,175198,0.56317401,51.44772,92548.7653495281,268923292.042036
34,E06000036,Bracknell Forest,488169,168792,-0.73363,51.411301,62507.6688894678,109384217.922063
35,E06000037,West Berkshire,450575,172095,-1.27364,51.445591,166818.256909513,704182731.436693
36,E06000038,Reading,470226,173154,-0.99071002,51.453018,39327.6361285706,40397937.1150196
37,E06000039,Slough,498920,179246,-0.57617003,51.503502,44179.9803340001,32542015.6791033
38,E06000040,Windsor and Maidenhead,492079,176541,-0.67540997,51.480339,114827.85425453,198427158.640667
39,E06000041,Wokingham,476624,169902,-0.89934999,51.422958,86869.6892364654,178969062.886199
40,E06000042,Milton Keynes,486408,242308,-0.74070001,52.072411,102957.957280917,308626721.690451
41,E06000043,Brighton and Hove,530279,106850,-0.15079001,50.8465,58179.730896897,85385921.6308689
42,E06000044,Portsmouth,465619,101352,-1.07006,50.807999,42345.7561550182,60131417.417975
43,E06000045,Southampton,442303,113700,-1.39952,50.9212,37284.9505247132,56385148.867545
44,E06000046,Isle of Wight,447183,85949,-1.33366,50.671291,124853.614938307,392824490.532734
45,E06000047,County Durham,410381,532242,-1.8405,54.685131,310208.183249691,2232584261.3879
46,E06000049,Cheshire East,380510,363462,-2.29299,53.167931,301202.123887001,1166357340.22482
47,E06000050,Cheshire West and Chester,353097,363145,-2.70298,53.163361,258505.194644102,941207319.798833
48,E06000051,Shropshire,350227,302960,-2.73667,52.62212,580599.517826254,3197275322.10225
49,E06000052,Cornwall,212497,64493,-4.64254,50.450218,873551.599856103,3611926259.03619
50,E06000053,Isles of Scilly,91327,11447,-6.3021698,49.923321,180267.136157056,22851421.5874944
51,E06000054,Wiltshire,405209,158863,-1.92661,51.328831,401997.073738197,3255338105.52667
52,E06000055,Bedford,505721,256463,-0.45462999,52.196281,131719.277394327,476408313.585462
53,E06000056,Central Bedfordshire,504615,234492,-0.47753999,51.999031,232685.180099796,715665436.199321
54,E06000057,Northumberland,395322,600700,-2.0752299,55.300381,558791.829751923,5078358538.27702
55,E06000058,"Bournemouth, Christchurch and Poole",410815,94066,-1.84807,50.74609,90433.0073880682,173932087.961538
56,E06000059,Dorset,370871,99796,-2.41467,50.79697,416747.921161857,2521074343.71083
57,E06000060,Buckinghamshire,482506,208561,-0.80568999,51.769661,361907.474854912,1564937984.73646
58,E06000061,North Northamptonshire,493590,281718,-0.62503999,52.425461,210624.116197609,986594539.216203
59,E06000062,West Northamptonshire,467187,263879,-1.01682,52.268978,263780.515769497,1380395590.74647
60,E07000008,Cambridge,545420,257901,0.126436,52.200169,37169.1755199722,40698821.5531483
61,E07000009,East Cambridgeshire,555576,275765,0.283149,52.35788,192581.077013441,651720387.873582
62,E07000010,Fenland,536361,294959,0.0090159997,52.535439,153632.167779411,547355452.618081
63,E07000011,Huntingdonshire,521008,274269,-0.2247,52.353149,222217.159195719,912545809.932231
64,E07000012,South Cambridgeshire,543295,247586,0.091017,52.108051,256916.188353058,901687092.783795
65,E07000026,Allerdale,317520,532997,-3.2809,54.685242,241279.452204251,1320568294.90522
66,E07000027,Barrow-in-Furness,321741,474165,-3.1998999,54.15731,80045.8146728079,132075307.180395
67,E07000028,Carlisle,348576,565154,-2.80498,54.978329,217375.635717721,1056791943.76107
68,E07000029,Copeland,310871,508739,-3.3766401,54.466171,164130.743989366,775540935.514933
69,E07000030,Eden,359636,526396,-2.62678,54.631069,268766.165774267,2156479430.46457
70,E07000031,South Lakeland,349265,489555,-2.78108,54.29908,323037.2378998,1743488742.00128
71,E07000032,Amber Valley,436166,348084,-1.46219,53.028839,109015.606044318,265437895.570174
72,E07000033,Bolsover,448666,371548,-1.27228,53.23875,96233.3664932634,160334643.51285
73,E07000034,Chesterfield,440049,373359,-1.40115,53.255749,52615.4706045034,66035323.1430878
74,E07000035,Derbyshire Dales,419697,358493,-1.70711,53.12326,245455.056178363,795318009.745209
75,E07000036,Erewash,443721,338063,-1.3509001,52.938202,73544.8394314226,109630039.364225
76,E07000037,High Peak,410474,387660,-1.84398,53.385689,159628.494883945,540254001.17195
77,E07000038,North East Derbyshire,437369,362955,-1.44253,53.16243,161225.071207052,275623494.267418
78,E07000039,South Derbyshire,431443,325363,-1.5348001,52.824902,166687.786160215,338126978.454954
79,E07000040,East Devon,313787,96051,-3.22364,50.75761,217426.427852526,822443250.853657
80,E07000041,Exeter,293239,92005,-3.51368,50.717819,37259.8461348524,47884796.9208729
81,E07000042,Mid Devon,288064,108911,-3.5921199,50.86882,246619.148115469,912900687.436988
82,E07000043,North Devon,265110,132532,-3.9269099,51.07621,252307.260802061,1104740393.81221
83,E07000044,South Hams,270676,54036,-3.8199601,50.371948,349372.92257591,905130476.490632
84,E07000045,Teignbridge,283144,80205,-3.65289,50.60981,161961.522520559,680052721.300995
85,E07000046,Torridge,244206,114334,-4.2172799,50.907391,325999.472154573,995287725.186664
86,E07000047,West Devon,256376,86990,-4.0336099,50.66481,241057.98789461,1164731578.10618
87,E07000061,Eastbourne,559339,99575,0.25851601,50.773869,36360.1959360357,45331279.7855287
88,E07000062,Hastings,581528,110694,0.57839501,50.867241,35829.4257312627,30801104.2222098
89,E07000063,Lewes,541474,105686,0.007671,50.833408,116639.789777453,294397948.37748
90,E07000064,Rother,578721,119666,0.54293698,50.948711,163781.131743846,517123484.140981
91,E07000065,Wealden,555048,117180,0.205156,50.93322,218977.416566408,836160747.637603
92,E07000066,Basildon,571548,190848,0.47505501,51.590359,59682.7276589601,110449130.919031
93,E07000067,Braintree,577253,227335,0.57591099,51.91634,168682.860674143,611708022.085835
94,E07000068,Brentwood,558560,196070,0.29009101,51.641079,72338.7211144118,153124041.919708
95,E07000069,Castle Point,579490,187920,0.58808398,51.561588,45505.9660501727,63622071.0460741
96,E07000070,Chelmsford,572116,206972,0.49117699,51.735031,113215.91129173,342997310.005802
97,E07000071,Colchester,596944,223693,0.85977697,51.877022,131019.693361933,346773262.039531
98,E07000072,Epping Forest,548919,203759,0.154147,51.712799,123269.197706998,338984118.260993
99,E07000073,Harlow,545276,209589,0.103888,51.76614,28513.3707443895,30537927.5585314
100,E07000074,Maldon,591413,212072,0.77310598,51.774578,109042.508277985,428049209.804514
101,E07000075,Rochford,585979,191417,0.683442,51.5909,195284.033564363,262900355.149339
102,E07000076,Tendring,614190,222141,1.108981,51.856739,99196.0018990169,366182684.386463
103,E07000077,Uttlesford,557832,228865,0.294485,51.935921,166503.257259224,641182884.003171
104,E07000078,Cheltenham,394925,222232,-2.07515,51.898609,38220.6903355067,46596063.9630439
105,E07000079,Cotswold,402125,208209,-1.97059,51.772549,332430.632142207,1164524434.80987
106,E07000080,Forest of Dean,367175,212759,-2.47755,51.812489,191241.011013552,561873675.617496
107,E07000081,Gloucester,384071,216449,-2.23263,51.846409,31271.5331999902,40826604.4434794
108,E07000082,Stroud,378807,202410,-2.3081801,51.720009,171890.078096168,475427750.57012
109,E07000083,Tewkesbury,386347,226279,-2.19998,51.934849,201664.863427023,414975908.13882
110,E07000084,Basingstoke and Deane,454508,151423,-1.22021,51.259369,143445.561610085,633808768.307362
111,E07000085,East Hampshire,474405,129237,-0.93970001,51.057652,144529.50155922,514427244.742776
112,E07000086,Eastleigh,447199,116807,-1.32947,50.948761,68065.1016413828,85297359.6788767
113,E07000087,Fareham,453774,106319,-1.23742,50.853882,55256.5716930204,77884460.3738965
114,E07000088,Gosport,458769,101088,-1.16731,50.806358,25712.9136608269,27607879.6258838
115,E07000089,Hart,477985,154240,-0.88321,51.281971,77846.4171414185,215265062.888568
116,E07000090,Havant,470178,108564,-1.00398,50.872311,56128.4153803807,78947468.6458706
117,E07000091,New Forest,428748,106521,-1.59293,50.857479,183518.203974047,776285690.117008
118,E07000092,Rushmoor,486022,153944,-0.76806998,51.278149,31890.6799933273,39045031.3519522
119,E07000093,Test Valley,434930,137329,-1.50214,51.134171,185887.250546779,627632026.747462
120,E07000094,Winchester,453115,125901,-1.24393,51.030022,168124.187739267,661061291.856428
121,E07000095,Broxbourne,534742,204251,-0.050730001,51.720798,39066.0781406613,51442323.4619497
122,E07000096,Dacorum,500084,208745,-0.55097997,51.768452,110099.851922616,212476384.668282
123,E07000098,Hertsmere,519774,199352,-0.26899001,51.680168,61226.9755336208,101128118.175659
124,E07000099,North Hertfordshire,522191,230255,-0.22315,51.957371,168304.522402386,375382263.828698
125,E07000102,Three Rivers,507313,196418,-0.45005,51.656319,74110.3792841158,88824130.6231794
126,E07000103,Watford,510441,198197,-0.40428999,51.6717,26390.2208397151,21430353.229502
127,E07000105,Ashford,597640,140644,0.82337397,51.130959,149444.582577307,580617311.896739
128,E07000106,Canterbury,616032,158096,1.096342,51.281021,121122.697914939,318604498.426348
129,E07000107,Dartford,556167,172917,0.245276,51.433731,52446.6476596472,76310455.6152036
130,E07000108,Dover,628964,150942,1.2768871,51.211761,117252.015144093,320781018.558195
131,E07000109,Gravesham,566969,169114,0.39874399,51.396488,59359.6760589332,104958772.581249
132,E07000110,Maidstone,580489,151670,0.58406103,51.235661,121872.4250512,393350723.255159
133,E07000111,Sevenoaks,552776,155218,0.188936,51.275631,134424.857442803,370347002.873006
134,E07000112,Folkestone and Hythe,610318,134595,1.000795,51.072128,151365.397197807,365467308.184132
135,E07000113,Swale,593583,161818,0.77689302,51.32251,109855.355161473,422001847.537362
136,E07000114,Thanet,631839,166752,1.328226,51.35252,59278.3738110156,112464079.036691
137,E07000115,Tonbridge and Malling,564014,153898,0.34930599,51.260639,109904.597735199,240973324.495362
138,E07000116,Tunbridge Wells,573139,136599,0.471632,51.102539,150582.555352952,331328785.658416
139,E07000117,Burnley,384886,430882,-2.2307999,53.774059,57758.3849479257,110683988.566855
140,E07000118,Chorley,359189,419724,-2.61921,53.672401,95553.28815079,202905506.241302
141,E07000119,Fylde,339554,433811,-2.9191401,53.797089,77382.1894679505,181731239.022532
142,E07000120,Hyndburn,374407,428971,-2.3896401,53.756481,42725.5895458216,73006531.994888
143,E07000121,Lancaster,356896,464988,-2.6603,54.07901,180293.05419528,653896975.124828
144,E07000122,Pendle,387637,443368,-2.18957,53.88636,79240.7874487148,169380123.604626
145,E07000123,Preston,352825,436432,-2.7180901,53.822021,71117.987874445,142944810.106093
146,E07000124,Ribble Valley,372687,447676,-2.4173999,53.9245,150567.848726776,584462410.815407
147,E07000125,Rossendale,382827,420955,-2.2614901,53.68478,71146.5805886303,138040945.395571
148,E07000126,South Ribble,352017,425840,-2.7287099,53.726749,75381.1691289276,114615037.81846
149,E07000127,West Lancashire,342611,413270,-2.8689301,53.612831,145999.774632111,380965598.950334
150,E07000128,Wyre,347295,445159,-2.8035901,53.89991,139172.008154501,328789981.862474
151,E07000129,Blaby,454385,297994,-1.1988699,52.577061,100814.853323911,130468683.747392
152,E07000130,Charnwood,458365,316155,-1.13694,52.739899,115467.998574257,279042271.32713
153,E07000131,Harborough,474549,293875,-0.90228999,52.537659,185943.110691819,592692009.023487
154,E07000132,Hinckley and Bosworth,439538,301379,-1.41755,52.608768,111542.038513824,297351522.797929
155,E07000133,Melton,477328,323472,-0.85439998,52.803291,140624.572169109,481380450.704316
156,E07000134,North West Leicestershire,439111,316252,-1.4220901,52.7425,116450.135016811,279328099.663439
157,E07000135,Oadby and Wigston,461543,299379,-1.0930001,52.588749,31168.1447108195,23526168.5617815
158,E07000136,Boston,526851,343953,-0.11218,52.97794,114895.261356042,397792639.440678
159,E07000137,East Lindsey,534861,376064,0.020516001,53.264462,212614.899578019,1830857187.04966
160,E07000138,Lincoln,496347,370096,-0.55848002,53.219212,32968.7309952947,35690262.1784105
161,E07000139,North Kesteven,502135,354788,-0.47670001,53.080582,181805.062441591,922471413.91775
162,E07000140,South Holland,532910,322928,-0.03057,52.787579,193033.601421038,815503784.388168
163,E07000141,South Kesteven,501406,328986,-0.49564999,52.84885,209809.642173754,942585741.048617
164,E07000142,West Lindsey,499314,390326,-0.50774002,53.40044,247204.136151344,1157652118.37819
165,E07000143,Breckland,591015,303330,0.81871599,52.594212,239522.366983952,1305116636.281
166,E07000144,Broadland,619864,315909,1.252317,52.69622,202153.182977637,553244263.927299
167,E07000145,Great Yarmouth,646761,315881,1.64951,52.684391,85343.7808652351,182555455.768242
168,E07000146,King's Lynn and West Norfolk,571219,315805,0.533243,52.71283,286981.939883618,1526887176.6474
169,E07000147,North Norfolk,611076,330857,1.132099,52.833889,234838.513619792,990128094.464525
170,E07000148,Norwich,622355,309773,1.284979,52.640129,91962.5996336807,40554064.2412462
171,E07000149,South Norfolk,628990,295823,1.373233,52.51218,231379.2255872,908906500.68074
172,E07000163,Craven,389513,461989,-2.16168,54.053761,199881.375346452,1178807535.35562
173,E07000164,Hambleton,443009,490546,-1.34049,54.30872,298682.454054928,1311256293.98625
174,E07000165,Harrogate,427473,464652,-1.58161,54.07708,246981.310508244,1309117875.80086
175,E07000166,Richmondshire,401039,495786,-1.98552,54.357609,221692.587160329,1318702662.09829
176,E07000167,Ryedale,474645,478532,-0.85734999,54.197128,290619.983456081,1576581127.0431
177,E07000168,Scarborough,487119,504929,-0.65851003,54.432339,260888.144834405,755507449.086392
178,E07000169,Selby,457551,426670,-1.1290801,53.733269,171487.04296683,602228016.983779
179,E07000170,Ashfield,450035,355843,-1.25422,53.097469,69168.0549787648,109557954.123823
180,E07000171,Bassetlaw,468073,384835,-0.97869998,53.356041,155034.048924792,639492618.491236
181,E07000172,Broxtowe,449829,341893,-1.2594399,52.972099,65996.6218856488,80098843.9171336
182,E07000173,Gedling,459184,347811,-1.1190701,53.024342,69750.8310113413,119981502.245994
183,E07000174,Mansfield,455047,363637,-1.17804,53.16703,51089.9016277907,76696927.4927333
184,E07000175,Newark and Sherwood,470624,357451,-0.94643003,53.1096,179813.123978475,651835341.530325
185,E07000176,Rushcliffe,466606,335453,-1.01097,52.912399,123321.322043074,409231546.467434
186,E07000177,Cherwell,449301,221201,-1.28506,51.887199,225617.39516414,588745404.830571
187,E07000178,Oxford,452277,206368,-1.24405,51.753571,34993.844626057,45602825.5071329
188,E07000179,South Oxfordshire,463890,191964,-1.07847,51.622879,205550.098477863,678492168.086991
189,E07000180,Vale of White Horse,435693,195197,-1.48543,51.65443,176033.370660927,578679719.457616
190,E07000181,West Oxfordshire,434343,215816,-1.50292,51.839901,160237.256592195,714422037.287567
191,E07000187,Mendip,362238,144090,-2.54178,51.194759,198844.392404698,739435455.841386
192,E07000188,Sedgemoor,338429,143998,-2.8824601,51.19186,203175.549017986,605947533.661341
193,E07000189,South Somerset,345633,120798,-2.7758801,50.98399,240841.63971165,959070917.2185
194,E07000192,Cannock Chase,401261,311553,-1.98277,52.70166,50125.8394489736,78882578.3520859
195,E07000193,East Staffordshire,412601,326569,-1.81438,52.83651,183691.288895756,389987122.842961
196,E07000194,Lichfield,416283,310967,-1.7604899,52.696152,127463.170739767,331294321.205449
197,E07000195,Newcastle-under-Lyme,378199,345174,-2.3263099,53.003448,108251.653778863,210957295.971413
198,E07000196,South Staffordshire,389625,311037,-2.1549499,52.696918,184884.661607311,407322353.329086
199,E07000197,Stafford,389001,327836,-2.1647501,52.847919,159072.547255001,598172189.401383
200,E07000198,Staffordshire Moorlands,400543,352443,-1.99334,53.069241,152441.966463739,575849809.00905
201,E07000199,Tamworth,421455,302550,-1.68451,52.620312,30729.4523914775,30850724.0119237
202,E07000200,Babergh,599987,244692,0.91614902,52.064499,171552.297348285,611604139.496087
203,E07000202,Ipswich,617161,244456,1.166145,52.05592,36991.1313647468,40300103.5216205
204,E07000203,Mid Suffolk,611646,262338,1.096953,52.21859,191151.730303906,871070710.020504
205,E07000207,Elmbridge,511882,163658,-0.39441001,51.360981,52204.4385998147,96334273.0767884
206,E07000208,Epsom and Ewell,521176,161475,-0.26172,51.339451,28503.8092975754,34079154.5370545
207,E07000209,Guildford,500408,151481,-0.56256998,51.253658,128412.382018559,270931144.020454
208,E07000210,Mole Valley,518377,148953,-0.30603001,51.227489,105397.031980434,258321090.604305
209,E07000211,Reigate and Banstead,525786,152574,-0.19870999,51.258461,79917.0905767467,129143817.748342
210,E07000212,Runnymede,501777,166979,-0.53855002,51.392731,45677.0075249019,78040680.6378717
211,E07000213,Spelthorne,507012,169622,-0.46254,51.41552,44131.1428612106,51161350.4100232
212,E07000214,Surrey Heath,491362,160483,-0.68985999,51.336102,53557.764578556,95092963.0021621
213,E07000215,Tandridge,536365,150325,-0.048050001,51.235809,83131.8930481928,248194582.981034
214,E07000216,Waverley,496363,140635,-0.62343001,51.15686,125428.597835175,345170238.491103
215,E07000217,Woking,499087,157542,-0.57981998,51.308369,54780.2122292831,63603608.2943929
216,E07000218,North Warwickshire,425570,296399,-1.6242,52.564838,113228.857831829,284261518.650405
217,E07000219,Nuneaton and Bedworth,435419,289352,-1.47965,52.500938,48147.0588079887,78950267.1631018
218,E07000220,Rugby,446498,276244,-1.31828,52.382278,115087.243633919,353557317.712628
219,E07000221,Stratford-on-Avon,425019,251536,-1.63565,52.161541,261369.031234586,977869032.993451
220,E07000222,Warwick,428484,267113,-1.58369,52.301418,116714.078810518,282882324.59023
221,E07000223,Adur,518076,106472,-0.32416999,50.845718,35423.6351238714,43647956.2359693
222,E07000224,Arun,495144,105723,-0.64999002,50.843208,115961.388448804,224703265.774671
223,E07000225,Chichester,490285,116600,-0.71630001,50.941769,170427.55667459,812415119.661381
224,E07000226,Crawley,526390,137581,-0.19532999,51.123569,38798.5820994218,44971227.3987444
225,E07000227,Horsham,513674,123840,-0.38126001,51.00272,157496.419116216,530962077.784114
226,E07000228,Mid Sussex,533054,130623,-0.10272,51.059528,132901.26791811,334029216.736203
227,E07000229,Worthing,512679,104948,-0.40127,50.833099,29096.7484644243,33783042.7071096
228,E07000234,Bromsgrove,399840,273736,-2.0037601,52.361691,113128.333688222,216968441.120776
229,E07000235,Malvern Hills,377465,252197,-2.3308899,52.16758,230594.571309953,577070951.886245
230,E07000236,Redditch,403705,265253,-1.9471,52.285412,41300.3373143932,54250908.2602637
231,E07000237,Worcester,385725,255196,-2.2102499,52.19482,31261.2304343563,33278111.1237198
232,E07000238,Wychavon,398991,247839,-2.01614,52.12886,219510.915753207,663542007.469118
233,E07000239,Wyre Forest,384106,276388,-2.2349401,52.3853,100861.152767908,195403730.262189
234,E07000240,St Albans,514580,209623,-0.3407,51.77356,72941.6954485127,161205788.992178
235,E07000241,Welwyn Hatfield,525345,208467,-0.18517999,51.760872,82383.3616268959,129536962.915247
236,E07000242,East Hertfordshire,537995,220370,0.0027389999,51.864849,135178.027176787,475669142.173311
237,E07000243,Stevenage,524622,224531,-0.18987,51.905392,28585.161430964,25969247.2625533
238,E07000244,East Suffolk,636043,266272,1.4561861,52.243992,245650.934924672,1294835923.27833
239,E07000245,West Suffolk,580944,271124,0.65276903,52.308418,274539.879009979,1034675737.77463
240,E07000246,Somerset West and Taunton,304961,130227,-3.35764,51.06348,279493.592878174,1210524864.19038
241,E08000001,Bolton,368352,409873,-2.4795201,53.584492,82643.5197746866,139792040.674584
242,E08000002,Bury,379658,410768,-2.3088,53.593102,68535.7621537224,99460098.0884511
243,E08000003,Manchester,384591,397063,-2.2335899,53.470089,86841.9510631882,115648443.589943
244,E08000004,Oldham,396603,406784,-2.0527401,53.557678,71145.2166053479,142344867.617202
245,E08000005,Rochdale,390315,412326,-2.14784,53.60741,82706.3709034793,158128218.886515
246,E08000006,Salford,374556,398128,-2.38485,53.479271,63262.7594028189,97197259.6334312
247,E08000007,Stockport,391806,388264,-2.12467,53.391159,73631.0890907972,126040348.489412
248,E08000008,Tameside,394987,397995,-2.0769999,53.478668,55973.0550571155,103154247.722568
249,E08000009,Trafford,375790,391162,-2.36572,53.41671,60714.9991313481,106044604.786096
250,E08000010,Wigan,362136,402125,-2.5724699,53.514439,88682.4116794716,188171014.795668
251,E08000011,Knowsley,344762,393778,-2.8329699,53.437881,68163.8832839652,86500031.7271365
252,E08000012,Liverpool,339361,390553,-2.91364,53.408298,67266.4172620812,133533748.841649
253,E08000013,St. Helens,353412,395992,-2.7031,53.458618,76379.8122163683,136358780.853151
254,E08000014,Sefton,334282,398832,-2.99177,53.482101,115703.659536219,202462446.366116
255,E08000015,Wirral,329110,386965,-3.0670099,53.374779,84352.5790189485,253443639.536028
256,E08000016,Barnsley,429979,403327,-1.54925,53.525768,126418.480693043,329077576.744516
257,E08000017,Doncaster,459167,403735,-1.10894,53.52697,135202.573544651,568535459.386684
258,E08000018,Rotherham,447542,388980,-1.28651,53.395531,106146.658844867,286534378.866634
259,E08000019,Sheffield,430511,389736,-1.54254,53.40358,132824.242952115,367929997.213249
260,E08000021,Newcastle upon Tyne,422287,569661,-1.65297,55.021,61698.2033641291,115108949.401407
261,E08000022,North Tyneside,431471,570602,-1.50923,55.028961,65615.9218961298,84810132.5115027
262,E08000023,South Tyneside,435514,564057,-1.44679,54.969879,47103.7421651187,67074150.0305294
263,E08000024,Sunderland,436470,551524,-1.43344,54.857189,70237.301739759,139617987.430077
264,E08000025,Birmingham,408150,287352,-1.88141,52.484039,106250.794014247,267791151.737895
265,E08000026,Coventry,432807,279689,-1.51908,52.41423,54052.4494128152,98639088.6565498
266,E08000027,Dudley,393191,288584,-2.1017101,52.495129,75372.2907122194,97958229.5123974
267,E08000028,Sandwell,399573,290764,-2.00771,52.514771,59201.685245006,85558906.1867164
268,E08000029,Solihull,419434,281483,-1.71558,52.431,101023.266819082,178282023.161129
269,E08000030,Walsall,402098,300804,-1.97044,52.60503,59399.7390444175,103973530.000831
270,E08000031,Wolverhampton,391463,300016,-2.12746,52.597881,56050.1278266088,69436685.126745
271,E08000032,Bradford,408395,438626,-1.87389,53.843819,135914.965732404,366419689.514742
272,E08000033,Calderdale,402617,424896,-1.96182,53.720482,107684.893783348,363960946.597264
273,E08000034,Kirklees,414586,416223,-1.7808501,53.64233,125665.908370182,408551667.407126
274,E08000035,Leeds,432528,436384,-1.50736,53.822731,161516.600530211,551706498.093345
275,E08000036,Wakefield,438366,418235,-1.42092,53.659222,109444.438663069,338619719.483596
276,E08000037,Gateshead,420158,559652,-1.68696,54.931149,80255.8288635333,144054123.752166
277,E09000001,City of London,532381,181359,-0.093529999,51.515652,9615.49873267278,3147460.27332605
278,E09000002,Barking and Dagenham,547757,185111,0.12947901,51.545551,37054.7183960575,37781772.4831076
279,E09000003,Barnet,523472,191753,-0.21821,51.61108,50815.597517739,86748227.8830847
280,E09000004,Bexley,549202,175434,0.146212,51.458221,43433.3552431278,64312847.9005446
281,E09000005,Brent,519615,186468,-0.27568001,51.564411,38331.0017512769,43232684.1275814
282,E09000006,Bromley,542036,165708,0.039246,51.372669,76141.6277070387,150130427.159217
283,E09000007,Camden,527492,184284,-0.16289,51.54306,26149.495598481,21789308.5952668
284,E09000008,Croydon,533922,164745,-0.077610001,51.365978,58688.2842361554,86496808.3292477
285,E09000009,Ealing,517057,181960,-0.31406999,51.524429,47432.5829098616,55544376.0321627
286,E09000010,Enfield,532829,196197,-0.081469998,51.64888,41061.1111768429,82200174.2971125
287,E09000011,Greenwich,542507,175879,0.050092999,51.46394,45482.7375242832,50439344.6325748
288,E09000012,Hackney,534560,185787,-0.060449999,51.55492,25374.028868182,19046912.9774281
289,E09000013,Hammersmith and Fulham,523867,177993,-0.21735001,51.487331,23930.4997149472,17153953.6840945
290,E09000014,Haringey,531262,189349,-0.10667,51.587711,29011.100205627,29598417.6467309
291,E09000015,Harrow,515356,189736,-0.33603001,51.594669,33734.6081061469,50463307.3829094
292,E09000016,Havering,555032,187514,0.235368,51.565189,63921.1127081473,114457476.354853
293,E09000017,Hillingdon,508166,183120,-0.44182,51.536629,63883.1561402852,115700600.04995
294,E09000018,Hounslow,512742,174965,-0.37847,51.462429,57603.1816477849,56585426.7224442
295,E09000019,Islington,531158,184647,-0.10992,51.545479,20720.1949694478,14856680.6578682
296,E09000020,Kensington and Chelsea,525757,179053,-0.18976,51.496441,20990.4534939823,12383966.9696697
297,E09000021,Kingston upon Thames,519508,167389,-0.28367001,51.39296,37527.9493942753,37265392.9153298
298,E09000022,Lambeth,531117,175629,-0.11386,51.464451,34173.5724937858,27237356.6868511
299,E09000023,Lewisham,537889,173344,-0.01733,51.44231,40996.9281928527,35317111.2417139
300,E09000024,Merton,526069,169507,-0.18866999,51.410568,32340.3771201137,37624746.5277877
301,E09000025,Newham,540714,183344,0.027275,51.531471,31815.7869143555,38581475.4892347
302,E09000026,Redbridge,543512,189477,0.070084997,51.58588,45772.5918328997,56440343.7167531
303,E09000027,Richmond upon Thames,519005,172650,-0.28913999,51.44035,52350.9693273389,58761152.6496177
304,E09000028,Southwark,533945,175863,-0.073090002,51.465889,33625.5095887246,29921640.0728822
305,E09000029,Sutton,527356,163640,-0.17227,51.357559,39804.2153145853,43842789.9621698
306,E09000030,Tower Hamlets,536340,181452,-0.03647,51.515541,26810.7357224521,21576472.9117977
307,E09000031,Waltham Forest,537327,190277,-0.01881,51.594608,33326.6907765963,38807995.9514475
308,E09000032,Wandsworth,525151,174138,-0.20023,51.4524,37394.4133951972,35220321.9927891
309,E09000033,Westminster,528268,180870,-0.15295,51.512199,27150.5344916032,22030013.0465806
310,N09000001,Antrim and Newtownabbey,130813,541285,-6.1775999,54.693859,165066.961090158,728186534.011934
311,N09000002,"Armagh City, Banbridge and Craigavon",112110,508158,-6.4345498,54.3867,242954.33539518,1437068573.07739
312,N09000003,Belfast,146465,529747,-5.9253502,54.59853,65866.7852260915,137716652.025126
313,N09000004,Causeway Coast and Glens,106168,581420,-6.5995998,55.039619,381026.183879142,1985534670.71754
314,N09000005,Derry City and Strabane,51779,559566,-7.42064,54.80904,271397.40327128,1251241580.22694
315,N09000006,Fermanagh and Omagh,41233,513013,-7.5271001,54.385208,426437.771573501,3012114892.36428
316,N09000007,Lisburn and Castlereagh,138712,518920,-6.03545,54.49752,167278.148593367,510438048.320764
317,N09000008,Mid and East Antrim,133943,560151,-6.14645,54.86462,234604.730290035,1061355460.93469
318,N09000009,Mid Ulster,83920,528564,-6.8888998,54.552731,318306.174447412,1957293776.36256
319,N09000010,"Newry, Mourne and Down",133006,480432,-6.0889101,54.149529,379481.254915993,1682340596.67205
320,N09000011,Ards and North Down,164321,524944,-5.64568,54.564091,203349.301102072,566472991.274504
321,S12000005,Clackmannanshire,291178,696402,-3.75316,56.147839,83965.0370535922,163912617.095115
322,S12000006,Dumfries and Galloway,270645,579856,-4.0286298,55.09621,830996.510342947,6675255843.90477
323,S12000008,East Ayrshire,255398,624935,-4.2905698,55.496738,341126.501410665,1270345623.57427
324,S12000010,East Lothian,354854,672351,-2.72435,55.94207,196540.423140291,699480553.980652
325,S12000011,East Renfrewshire,251930,653115,-4.36058,55.74868,93982.4588278511,174247286.301195
326,S12000013,Na h-Eileanan Siar,126473,932862,-6.6572199,58.199379,3632657.59872438,3270210173.08778
327,S12000014,Falkirk,285585,680170,-3.83619,56.000771,129349.294976712,314934626.067449
328,S12000017,Highland,241018,858292,-4.6610298,57.586571,4830693.56733473,26473987324.5981
329,S12000018,Inverclyde,227922,670894,-4.75387,55.900299,75106.1444083551,173624449.241515
330,S12000019,Midlothian,330088,659217,-3.1173799,55.82111,126464.604454531,355272051.811731
331,S12000020,Moray,328015,843590,-3.2020199,57.476799,395443.843108014,2257632218.03482
332,S12000021,North Ayrshire,228996,651640,-4.7245998,55.72789,352531.623020533,903842513.598754
333,S12000023,Orkney Islands,348293,1006584,-2.90025,58.94334,1526542.58791136,1086540028.6615
334,S12000026,Scottish Borders,345889,626137,-2.85869,55.525951,522860.077021967,4742689759.4939
335,S12000027,Shetland Islands,434516,1180307,-1.37344,60.504951,2167732.16334059,1657321603.27576
336,S12000028,South Ayrshire,226545,596271,-4.7289901,55.23008,333361.899935424,1234683487.54363
337,S12000029,South Lanarkshire,284634,636071,-3.83272,55.60453,284597.023353438,1774015373.08336
338,S12000030,Stirling,255980,708769,-4.3259501,56.249531,332011.042487176,2254813352.71274
339,S12000033,Aberdeen City,387763,808479,-2.20398,57.166969,98933.040938299,205588277.323871
340,S12000034,Aberdeenshire,352284,816277,-2.7920799,57.234692,791859.815926895,6338657613.85259
341,S12000035,Argyll and Bute,200740,715443,-5.2211399,56.28944,3638663.64261861,7166073871.16255
342,S12000036,City of Edinburgh,320193,669417,-3.27826,55.911201,112724.776100732,272887422.95966
343,S12000038,Renfrewshire,239305,664698,-4.5683398,55.848621,104342.150392759,269242750.853048
344,S12000039,West Dunbartonshire,242904,681586,-4.52074,56.0014,84804.5167625484,182782222.654484
345,S12000040,West Lothian,299483,668514,-3.6090901,55.8992,137078.761583919,431579318.635832
346,S12000041,Angus,345506,759636,-2.8921001,56.725182,311883.319088679,2202448073.03495
347,S12000042,Dundee City,340291,732145,-2.9709499,56.4776,51039.8656407906,62410281.6106365
348,S12000045,East Dunbartonshire,261240,676154,-4.2241702,55.95829,99592.6325879836,174489033.610113
349,S12000047,Fife,339187,704721,-2.9825101,56.231121,365662.212588176,1372428426.10165
350,S12000048,Perth and Kinross,284302,744185,-3.88484,56.575279,566717.975472112,5421362723.58906
351,S12000049,Glasgow City,261534,667033,-4.2147899,55.876492,108633.014797119,176356721.676201
352,S12000050,North Lanarkshire,277984,665608,-3.9514,55.868141,163983.319889321,472298223.95542
353,W06000001,Isle of Anglesey,245217,378331,-4.3229799,53.279308,260611.455420501,747811829.826447
354,W06000002,Gwynedd,280555,334966,-3.7771499,52.89883,470662.679671257,2619680843.3659
355,W06000003,Conwy,283293,362563,-3.74646,53.147388,241832.154567041,1149211627.68346
356,W06000004,Denbighshire,309843,355416,-3.34761,53.088329,220845.281424338,846289139.83461
357,W06000005,Flintshire,321134,369280,-3.1824801,53.21471,143111.97070364,489500774.219026
358,W06000006,Wrexham,333523,345387,-2.9920299,53.001671,190023.448114476,503773535.230117
359,W06000008,Ceredigion,267127,268437,-3.94993,52.297951,330042.078050812,1806698314.531
360,W06000009,Pembrokeshire,199821,221392,-4.9081802,51.855129,569499.32490954,1651199087.15189
361,W06000010,Carmarthenshire,247954,224133,-4.2111001,51.894951,362998.534035864,2440243290.60243
362,W06000011,Swansea,264022,197308,-3.9672301,51.658058,152596.287912615,419393579.788371
363,W06000012,Neath Port Talbot,279261,195412,-3.7463801,51.644501,136036.293233669,451880814.943215
364,W06000013,Bridgend,288231,185870,-3.61375,51.5606,90743.0069355244,255120918.690614
365,W06000014,Vale of Glamorgan,302947,173080,-3.39801,51.44836,102745.439176882,339804335.235608
366,W06000015,Cardiff,315272,178887,-3.22209,51.502541,70140.1456385469,149444861.046783
367,W06000016,Rhondda Cynon Taf,302237,192395,-3.41359,51.621849,130225.273793906,424150476.006006
368,W06000018,Caerphilly,317245,195259,-3.19753,51.650009,116195.727849562,277387807.11228
369,W06000019,Blaenau Gwent,318236,206771,-3.18592,51.753639,65601.5677696131,108728046.06745
370,W06000020,Torfaen,327459,200480,-3.0510099,51.69836,82540.0392973313,126239929.82518
371,W06000021,Monmouthshire,337812,209231,-2.9028001,51.778271,250870.543419591,886044959.883788
372,W06000022,Newport,337897,187432,-2.8976901,51.58231,135644.59703238,217517982.932784
373,W06000023,Powys,302329,273255,-3.4353099,52.34864,606515.519241378,5195456366.21824
374,W06000024,Merthyr Tydfil,305916,206424,-3.3642499,51.748581,66689.0810594782,111956970.938394
